{"start": 1607920270.400411, "local_controller_times": [285.48415207862854, 271.7394828796387, 282.55152583122253, 277.6732997894287, 294.6477541923523, 291.4130790233612, 296.75223207473755, 296.6014220714569, 295.56768107414246, 293.8686308860779, 296.4717152118683, 297.3623547554016, 314.0394308567047, 324.68106412887573, 322.0419657230377, 322.5355432033539, 325.54322385787964, 325.66338205337524, 322.9308750629425, 315.13423013687134], "iteration_times": [1160.133816242218, 1207.0460710525513, 1264.447422027588, 1190.7142779827118, 1309.2326641082764, 1345.7212409973145, 1322.885801076889, 1336.1281509399414, 1296.5277197360992, 1285.2300181388855, 1305.0001120567322, 1293.938747882843, 1328.087515115738, 1313.6112859249115, 1292.8517050743103, 1308.9637961387634, 1301.4144377708435, 1190.0145199298859, 1281.36288523674, 1322.4584529399872], "end": 1607945926.1716301}