{"start": 1607361779.7955055, "local_controller_times": [295.71361327171326, 145.91523432731628, 147.65283274650574, 144.1693890094757, 144.1233332157135, 146.3702518939972, 147.2300591468811, 150.44196844100952, 143.81909775733948, 141.54051613807678, 159.51775479316711, 141.84734058380127, 228.03628730773926, 284.9151940345764, 150.16933131217957, 186.8958957195282, 280.0799136161804, 197.525160074234, 238.42182755470276, 146.47551918029785], "iteration_times": [1228.4463818073273, 1159.8815290927887, 1193.6260645389557, 1095.1016266345978, 918.7666614055634, 1201.0369629859924, 1197.1303284168243, 1195.961822271347, 1151.3280773162842, 1178.5570013523102, 1194.396757364273, 1225.6371836662292, 1310.852490901947, 1320.9039361476898, 1186.746230840683, 1192.179717540741, 1356.2145776748657, 1277.2653963565826, 1313.0956890583038, 1231.049789428711], "end": 1607385907.9739652}