{"start": 1608135181.883499, "local_controller_times": [660.2338590621948, 565.7483868598938, 745.2793779373169, 697.7420179843903, 628.8356430530548, 762.2761499881744, 553.9053390026093], "iteration_times": [2730.769182920456, 2416.879805088043, 2950.3014121055603, 2867.3642659187317, 2839.0821731090546, 2634.770112991333, 2397.2594380378723], "end": 1608154019.718656}