{"start": 1607496826.0133781, "local_controller_times": [562.3783750534058, 533.3109335899353, 528.2530477046967, 545.0910849571228, 563.108325958252, 563.0037150382996, 565.3030841350555, 565.3891069889069, 567.1341331005096, 569.0666182041168, 573.082762002945, 584.1481659412384, 599.7869961261749, 649.3994543552399, 609.1964180469513, 702.0748121738434, 629.795823097229, 729.4373879432678, 644.8385820388794, 684.563971042633], "iteration_times": [2116.180233001709, 2267.605477333069, 2362.6343932151794, 2173.181228876114, 1816.8123230934143, 2419.1763117313385, 2265.7108161449432, 2366.069291114807, 2415.86407494545, 2388.591625213623, 2090.1813881397247, 2426.924545764923, 2489.2844321727753, 2697.3588280677795, 2222.181766271591, 2959.445832967758, 2497.7261011600494, 2850.2148201465607, 2991.948581933975, 2813.0988488197327], "end": 1607545456.20768}